{"_n_configs_per_intensify": 72, "ta_runs": 461, "_EMA_ALPHA": 0.2, "wallclock_time_used": 100.14540934562683, "_n_calls_of_intensify": 14, "ta_time_used": 7.426759999999998, "inc_changed": 7, "_ema_n_configs_per_intensifiy": 4.826661055692802}