{"_ema_n_configs_per_intensifiy": 6.6039914030694415, "ta_runs": 394, "_n_configs_per_intensify": 83, "_EMA_ALPHA": 0.2, "wallclock_time_used": 100.1768229007721, "inc_changed": 8, "ta_time_used": 6.543390000000002, "_n_calls_of_intensify": 15}